"","name","longitude","latitude","state","locality","year","month","identifier"
"1","Castanozoster thoracicus","-45.247181","-22.567078","Minas Gerais","Unnamed Road, Minas Gerais, BR (-22,567, -45,247)","2018","1","OBS568399815"
"2","Castanozoster thoracicus","-44.756815","-22.373522","Minas Gerais","PN do Itatiaia--Agulhas Negras Road (MG and RJ; 1700-2400m)","2018","1","OBS564136892"
"3","Castanozoster thoracicus","-49.856601","-27.924502","Santa Catarina","Urupema--Morro das Antenas","2018","1","OBS571069462"
"4","Castanozoster thoracicus","-45.263726","-22.534092","Minas Gerais","Delfim Moreira -- MG-350 - -22,5341x-45,2637","2018","2","OBS579430645"
"5","Castanozoster thoracicus","-50.174809","-29.480994","Rio Grande do Sul","CPCN Pró Mata PUCRS","2018","2","OBS579889028"
"6","Castanozoster thoracicus","-44.760225","-22.377042","Rio de Janeiro","Parque Nacional do Itatiaia (parte alta), Itamonte, Minas Gerais.","2018","3","OBS594030161"
"7","Castanozoster thoracicus","-44.796072","-22.352963","Minas Gerais","Itamonte--RPPN Alto Montana","2018","3","OBS594026816"
"8","Castanozoster thoracicus","-44.592969","-22.664314","São Paulo","Serra da Bocaina","2018","3","OBS584232861"
"9","Castanozoster thoracicus","-45.980847","-22.907252","São Paulo","Estrada dos Ferreiras, São Paulo, Sentido Trilha Do MiranteBR (-22,907, -45,981)","2018","3","OBS595859438"
"10","Castanozoster thoracicus","-44.758943","-22.374128","Minas Gerais","Minas Gerais, BR (-22,374, -44,759)","2018","4","OBS609334017"
"11","Castanozoster thoracicus","-45.229579","-22.568917","Minas Gerais","Piquete -- Trilha Do Pico Do Ataque.","2018","4","OBS604164249"
"12","Castanozoster thoracicus","-45.478431","-22.703137","São Paulo","Estrada da Romaria--Até pousada Sta. Maria da Serra","2018","4","OBS604771106"
"13","Castanozoster thoracicus","-50.336491","-29.496353","Rio Grande do Sul","Pró-Mata","2018","4","OBS613295645"
"14","Castanozoster thoracicus","-42.58484","-22.351568","Rio de Janeiro","Pico da Caledônia","2018","4","OBS601147850"
"15","Castanozoster thoracicus","-44.734746","-22.362522","Minas Gerais","PN Itatiaia  (parte alta), Itamonte, Minas Gerais, BR (-22,363, -44,735)","2018","4","OBS608309016"
"16","Castanozoster thoracicus","-44.753298","-22.374122","Minas Gerais","(-22,3741,-44,7533)","2018","4","OBS606999792"
"17","Castanozoster thoracicus","-45.50286","-22.691557","São Paulo","Campos do Jordão--Estrada do Borboletário","2018","5","OBS623302258"
"18","Castanozoster thoracicus","-45.293951","-22.506995","Minas Gerais","BR-Minas Gerais-Delfim-Estrada Pico Dos Marins Moreira - -22,507x-45,294 - 26 de mar de 2017 04:39","2018","5","OBS612120463"
"19","Castanozoster thoracicus","-45.604715","-22.715195","São Paulo","Campos do Jordão - SP","2018","5","OBS626862237"
"20","Castanozoster thoracicus","-49.934151","-27.951291","Santa Catarina","Urupema -- Eco-Pousada Rio dos Touros","2018","5","OBS610974457"
"21","Castanozoster thoracicus","-45.588286","-22.735976","São Paulo","Campos do Jordão - SP","2018","5","OBS625207615"
"22","Castanozoster thoracicus","-44.808996","-23.155437","Rio de Janeiro","Unnamed Road, Rio de Janeiro, BR (-23,155, -44,809)","2018","5","OBS624032297"
"23","Castanozoster thoracicus","-45.522666","-22.766566","São Paulo","Pindamonhangaba--Pico do Itapeva","2018","5","OBS622399643"
"24","Castanozoster thoracicus","-45.588995","-22.705318","São Paulo","Campos do Jordão - SP","2018","5","OBS623853874"
"25","Castanozoster thoracicus","-42.584816","-22.342365","Rio de Janeiro","Estrada ao Pico da Caledônia","2018","6","OBS638399020"
"26","Castanozoster thoracicus","-46.03051","-22.875414","Minas Gerais","Estalagem Spiler","2018","6","OBS635458825"
"27","Castanozoster thoracicus","-44.746156","-22.36607","Minas Gerais","PN do Itatiaia--Agulhas Negras Road (MG; 1700-2200m)","2018","6","OBS636438572"
"28","Castanozoster thoracicus","-44.724612","-22.36484","Rio de Janeiro","PN do Itatiaia--Agulhas Negras Road (RJ; 2200-2400m)","2018","7","OBS640777089"
"29","Castanozoster thoracicus","-44.698203","-22.384534","Rio de Janeiro","PN do Itatiaia--Morro do Couto","2018","7","OBS643293715"
"30","Castanozoster thoracicus","-44.73562","-22.356121","Minas Gerais","PN Itatiaia-Brejo da Lapa","2018","7","OBS643560070"
"31","Castanozoster thoracicus","-44.734667","-22.365225","Minas Gerais","Agulhas Begras Road Bridge, BR","2018","7","OBS643538340"
"32","Castanozoster thoracicus","-42.558074","-22.336804","Rio de Janeiro","Estrada para o Pico Caledonia,  Nova Friburgo","2018","7","OBS644305644"
"33","Castanozoster thoracicus","-45.397195","-22.629471","Minas Gerais","Estrada Divisa Charco/Parque ESTADUAL DE CAMPOS DO JORDÃO--MG/SP","2018","7","OBS646019730"
"34","Castanozoster thoracicus","-44.744","-22.369","Minas Gerais","Estrada das Agulhas Negras - ParNa Itatiaia","2018","7","OBS636665379"
"35","Castanozoster thoracicus","-45.426492","-22.649939","São Paulo","PE Campos do Jordão--Divisa com MG","2018","7","OBS646023353"
"36","Castanozoster thoracicus","-44.737891","-22.366355","Minas Gerais","BR-485, Itamonte BR-MG (-22.3664,-44.7379)","2018","7","OBS651935971"
"37","Castanozoster thoracicus","-46.023945","-22.882322","Minas Gerais","Camanducaia- Trilha do Platô","2018","7","OBS640797046"
"38","Castanozoster thoracicus","-46.024395","-22.882034","Minas Gerais","Camanducaia — Trilha da Pedra Partida","2018","7","OBS641103685"
"39","Castanozoster thoracicus","-45.142555","-22.505437","São Paulo","Trilha para os Marins -- Marmelópolis-- MG.","2018","7","OBS646024798"
"40","Castanozoster thoracicus","-44.611037","-22.444906","Rio de Janeiro","PN do Itatiaia--Parte Baixa (Hotéis Ype, Donati, Simon; 400-800m)","2018","7","OBS637944758"
"41","Castanozoster thoracicus","-44.624233","-22.406585","Rio de Janeiro","PN do Itatiaia--área geral (Partes Baixa e Alta)","2018","8","OBS649208260"
"42","Castanozoster thoracicus","-45.397142","-22.629502","Minas Gerais","Estrada Charco/Campos Do Jordão -- Wenceslau Braz-- Mg.","2018","8","OBS655193442"
"43","Castanozoster thoracicus","-46.038766","-22.863364","Minas Gerais","Monte Verde--área geral","2018","9","OBS662143539"
"44","Castanozoster thoracicus","-41.987773","-22.8679","Rio de Janeiro","Acceso a Praia das Conchas","2018","9","OBS677908571"
"45","Castanozoster thoracicus","-45.143969","-22.50797","São Paulo","Trilha Para Morro Do Careca -- Marmelópolis-- Mg.","2018","9","OBS655189667"
"46","Castanozoster thoracicus","-42.49676","-22.310296","Rio de Janeiro","Itororo Eco Lodge","2018","9","OBS658643643"
"47","Castanozoster thoracicus","-44.573233","-22.494013","Rio de Janeiro","Itatiaia","2018","9","OBS661681218"
"48","Castanozoster thoracicus","-45.642","-22.6797","São Paulo","São Bento do Sapucaí--Estrada do Baúzinho","2018","9","OBS659947549"
"49","Castanozoster thoracicus","-44.573236","-22.494009","Rio de Janeiro","Itatiaia","2018","9","OBS661678709"
"50","Castanozoster thoracicus","-42.567215","-22.221734","Rio de Janeiro","Pico de Caledonia--Trilho Alto","2018","10","OBS665323966"
"51","Castanozoster thoracicus","-42.586202","-22.34523","Rio de Janeiro",NA,"2018","10","18274896"
"52","Castanozoster thoracicus","-50.660446","-25.459546","Paraná","Irati, Paraná, BR","2018","10","OBS673599318"
"53","Castanozoster thoracicus","-43.269142","-22.482658","Rio de Janeiro","Rocio","2018","10","OBS664360087"
"54","Castanozoster thoracicus","-42.585343","-22.352653","Rio de Janeiro",NA,"2018","10","18275047"
"55","Castanozoster thoracicus","-44.614899","-22.736117","São Paulo","São José do Barreiro--PN Serra da Bocaina","2018","11","OBS673829598"
"56","Castanozoster thoracicus","-42.581737","-22.341013","Rio de Janeiro","377 Estrada Caledonia, Nova Friburgo, Rio de Janeiro, BR (-22,341, -42,582)","2018","11","OBS673056130"
"57","Castanozoster thoracicus","-44.708115","-22.37026","Rio de Janeiro","(-22.3703,-44.7081)","2018","11","OBS672639181"
"58","Castanozoster thoracicus","-44.786517","-23.302303","Rio de Janeiro","Pico Do Cuscuzeiro - Paraty - RJ","2018","11","OBS680847505"
"59","Castanozoster thoracicus","-44.82121","-23.151322","Rio de Janeiro","Estrada Da Pedra Da Macela, Rio de Janeiro, BR (-23,151, -44,821)","2018","12","OBS684269461"
"60","Castanozoster thoracicus","-42.583342","-22.35057","Rio de Janeiro","Pico da Caledônia--upper slopes","2018","12","OBS689131522"
"61","Castanozoster thoracicus","-44.751598","-22.372346","Minas Gerais","Estrada Parque Itamonte","2018","12","OBS690598123"
"62","Castanozoster thoracicus","-45.598701","-22.736871","São Paulo","Satélite Esporte Clube, área geral e trilhas","2018","12","OBS691015869"
"63","Castanozoster thoracicus","-44.816351","-23.142773","Rio de Janeiro","Cunha--Pedra da Macela","2017","1","OBS460977398"
"64","Castanozoster thoracicus","-45.589828","-22.73724","São Paulo","Campos do Jordão--área geral","2017","2","OBS462968148"
"65","Castanozoster thoracicus","-42.560821","-22.218913","Rio de Janeiro","Pico de Caledonia -- Trilha Baixo","2017","2","OBS470639190"
"66","Castanozoster thoracicus","-42.585899","-22.343886","Rio de Janeiro","Pico De Caledonia","2017","3","OBS475440452"
"67","Castanozoster thoracicus","-45.481944","-22.689444","São Paulo","PE Campos do Jordão (Horto Florestal)","2017","3","OBS472034336"
"68","Castanozoster thoracicus","-45.592687","-22.655598","São Paulo","Estrada Piranguçu/São Bento do Sapucaí- lago da represa. -22,656x-45,593","2017","3","OBS476578875"
"69","Castanozoster thoracicus","-49.261481","-25.955693","Paraná","Tijucas do Sul - Trilha Serra Lagoinha","2017","3","OBS477970153"
"70","Castanozoster thoracicus","-45.129048","-23.22996","São Paulo","Sítio Cotinga","2017","4","OBS493607817"
"71","Castanozoster thoracicus","-45.301567","-22.505143","Minas Gerais","BR-Minas Gerais-Delfim Moreira Estrada Barreira - -22,505x-45,302 - 23 de abr de 2017 05:20","2017","4","OBS495338890"
"72","Castanozoster thoracicus","-45.569363","-22.713044","São Paulo","Campos do Jordão - Morro do Elefante","2017","5","OBS623375035"
"73","Castanozoster thoracicus","-45.876675","-22.872716","Minas Gerais","-22,8727x-45,8767 - 20 May 2017 09:55","2017","5","OBS513180250"
"74","Castanozoster thoracicus","-44.632001","-22.704559","São Paulo","BR-São Paulo-São José do Barreiro - -22,705x-44,632 - 1 de jun de 2017 22:09","2017","5","OBS507166284"
"75","Castanozoster thoracicus","-49.846862","-28.016396","Santa Catarina","Morro do Combate","2017","5","OBS494270130"
"76","Castanozoster thoracicus","-44.759224","-22.374101","Minas Gerais","-22,3741x-44,7592 - 17 de mai de 2017 06:14","2017","5","OBS501876535"
"77","Castanozoster thoracicus","-49.519329","-28.076581","Santa Catarina","Cachoeira Véu de Noiva ","2017","5","OBS495261900"
"78","Castanozoster thoracicus","-45.876793","-22.872744","Minas Gerais","-22,8727x-45,8768 - 21 May 2017 06:01","2017","5","OBS513179433"
"79","Castanozoster thoracicus","-45.354895","-22.525733","Minas Gerais","BR-Minas Gerais-Wenceslau Braz-26 Rodovia Juscelino Kubitscheck de Oliveira - -22,526x-45,355","2017","5","OBS505755254"
"80","Castanozoster thoracicus","-49.832826","-28.011583","Santa Catarina","Urupema--Morro do Combate","2017","5","OBS505691338"
"81","Castanozoster thoracicus","-44.755429","-22.37344","Minas Gerais","-22,3734x-44,7554 - 18 de mai de 2017 06:35","2017","5","OBS501484502"
"82","Castanozoster thoracicus","-45.366077","-22.538209","Minas Gerais","BR-Minas Gerais-Wenceslau Braz-126-656 Rodovia Juscelino Kubitscheck de Oliveira - -22,538x-45,366","2017","5","OBS495337717"
"83","Castanozoster thoracicus","-49.614601","-28.034107","Santa Catarina","Cascata do Avencal","2017","5","OBS499497602"
"84","Castanozoster thoracicus","-46.024757","-22.883789","Minas Gerais","Monte Verde--Trilha da Pedra Partida","2017","6","OBS511627314"
"85","Castanozoster thoracicus","-45.362822","-22.535338","Minas Gerais","BR-Minas Gerais-Wenceslau Braz-164 Rodovia Juscelino Kubitscheck de Oliveira - -22,535x-45,363","2017","6","OBS512151880"
"86","Castanozoster thoracicus","-42.586375","-22.345998","Rio de Janeiro","Pico da Caledônia - Nova Friburgo - RJ -22,346x-42,586 - 18/06/2017 08:30","2017","6","OBS512321448"
"87","Castanozoster thoracicus","-42.585135","-22.343782","Rio de Janeiro","BR-Rio de Janeiro-Nova Friburgo - -22,344x-42,585 - 11/06/2017 1:44 PM","2017","6","OBS510231069"
"88","Castanozoster thoracicus","-44.73","-22.33","Minas Gerais","Itamonte -- Pousada dos Lobos","2017","7","OBS543097570"
"89","Castanozoster thoracicus","-45.305828","-22.504851","Minas Gerais","BR-Minas Gerais-Delfim Moreira - -22,505x-45,306 - 15 de jul de 2017 05:55","2017","7","OBS520189740"
"90","Castanozoster thoracicus","-45.149171","-22.508715","São Paulo","BR-São Paulo-Piquete - -22,509x-45,149 - 22 de jul de 2017 06:50","2017","7","OBS520851637"
"91","Castanozoster thoracicus","-44.609116","-22.435974","Rio de Janeiro","PN do Itatiaia--Trilha dos Três Picos","2017","8","OBS558607556"
"92","Castanozoster thoracicus","-44.744346","-22.364479","Minas Gerais","BR-485, Itamonte BR-MG (-22.3645,-44.7443)","2017","8","OBS533198602"
"93","Castanozoster thoracicus","-45.294171","-22.50699","Minas Gerais","MG-350, Minas Gerais, BR (-22,507, -45,294)","2017","8","OBS526504484"
"94","Castanozoster thoracicus","-44.747346","-22.369439","Minas Gerais","BR-485, Itamonte BR-MG (-22.3694,-44.7473)","2017","8","OBS533198643"
"95","Castanozoster thoracicus","-44.615079","-22.431983","Rio de Janeiro","PN de Itatiaia--Hotel do Ypê","2017","8","OBS524098920"
"96","Castanozoster thoracicus","-45.309404","-22.502901","Minas Gerais","Delfim Moreira, Minas Gerais, BR (-22,503, -45,309)","2017","8","OBS526155433"
"97","Castanozoster thoracicus","-44.734808","-22.362583","Minas Gerais","BR-485, Itamonte BR-MG (-22.3626,-44.7348)","2017","8","OBS533198686"
"98","Castanozoster thoracicus","-44.83233","-23.175714","Rio de Janeiro","Estrada Paraty-Cunha (RJ-165)","2017","8","OBS614747966"
"99","Castanozoster thoracicus","-50.174135","-29.48111","Rio Grande do Sul","95400, São Francisco de Paula BR-RS (-29,4811,-50,1741)","2017","9","OBS537446185"
"100","Castanozoster thoracicus","-43.000059","-22.471875","Rio de Janeiro","PN Serra dos Orgaos","2017","9","OBS532167991"
"101","Castanozoster thoracicus","-42.57951","-22.340232","Rio de Janeiro","Pico da Caledonia","2017","9","OBS545641459"
"102","Castanozoster thoracicus","-45.53579","-22.716106","São Paulo","Estrada Municipal, 654–1718, Campos do Jordão BR-SP (-22,7161,-45,5358)","2017","10","OBS538389348"
"103","Castanozoster thoracicus","-45.732436","-22.687518","São Paulo","São Bento do Sapucaí","2017","11","OBS546761872"
"104","Castanozoster thoracicus","-45.48765","-22.691073","São Paulo","Avenida Pedro Paulo, São Paulo, BR Horto Florestal Csmpos Do Jordão. (-22,691, -45,488)","2017","11","OBS547914955"
"105","Castanozoster thoracicus","-45.357584","-22.61571","Minas Gerais","Delfim Moreira--Fazenda da Onça","2017","11","OBS547348352"
"106","Castanozoster thoracicus","-42.49221","-22.37579","Rio de Janeiro","Macaé de Cima","2017","11","OBS548497093"
"107","Castanozoster thoracicus","-45.480176","-22.691575","São Paulo","Horto Florestal de Campos do Jordão","2017","11","OBS547080739"
"108","Castanozoster thoracicus","-48.87003","-27.821945","Santa Catarina","PE Serra do Tabuleiro, SC","2016","1","OBS530236784"
"109","Castanozoster thoracicus","-45.551067","-22.757612","São Paulo","Campos do Jordão - Pico do Itapeva","2016","2","OBS374314163"
"110","Castanozoster thoracicus","-49.561332","-28.16583","Santa Catarina","PN São Joaquim -- Rio Pelotas","2016","2","OBS379813051"
"111","Castanozoster thoracicus","-49.851377","-27.929713","Santa Catarina","Urupema, Acesso ao Morro das Antenas","2016","2","OBS375130770"
"112","Castanozoster thoracicus","-45.588619","-22.70355","São Paulo","Campos do Jordão--Pico do Imbiri","2016","2","OBS618595780"
"113","Castanozoster thoracicus","-43.246865","-22.453632","Rio de Janeiro","Pico do Couto, Araras, RJ","2016","3","OBS388541599"
"114","Castanozoster thoracicus","-43.25259","-22.48449","Rio de Janeiro","Reserva Biológica de Araras - Pico do Couto","2016","3","OBS385484100"
"115","Castanozoster thoracicus","-45.522623","-22.766724","São Paulo","Pindamonhangaba--Pico do Itapeva","2016","3","OBS618775875"
"116","Castanozoster thoracicus","-43.289591","-22.469036","Rio de Janeiro","Morro do Couto, Rocio, Petrópolis","2016","3","OBS384529061"
"117","Castanozoster thoracicus","-49.856518","-27.933227","Santa Catarina","Urupema--Estrada Velha","2016","4","OBS414095906"
"118","Castanozoster thoracicus","-49.866269","-27.967359","Santa Catarina","BR-Santa Catarina-Urupema-Estrada Urupema - -27,967x-49,866","2016","4","OBS440562233"
"119","Castanozoster thoracicus","-45.505657","-22.694156","São Paulo","BR-São Paulo-Campos do Jordão ","2016","5","OBS402864833"
"120","Castanozoster thoracicus","-45.582437","-22.534344","Minas Gerais","BR-Minas Gerais-Piranguçu - -22,534x-45,582 - 11/06/2016 06:39","2016","6","OBS411326351"
"121","Castanozoster thoracicus","-45.279692","-22.529549","Minas Gerais","BR-Minas Gerais-Delfim Moreira-Unnamed Rd - -22,53x-45,28","2016","6","OBS414436976"
"122","Castanozoster thoracicus","-45.25155","-22.575656","Minas Gerais","Delfim Moreira--Barreira","2016","7","OBS417565063"
"123","Castanozoster thoracicus","-45.655682","-22.684747","São Paulo","Monumento Natural Pedra do Baú","2016","7","OBS416386459"
"124","Castanozoster thoracicus","-44.720471","-22.365039","Rio de Janeiro","Resende PNI Parte Alta","2016","7","OBS419312767"
"125","Castanozoster thoracicus","-44.747422","-22.36742","Minas Gerais","Itamonte - PNI Parte Alta","2016","7","OBS419311238"
"126","Castanozoster thoracicus","-50.386768","-29.423851","Rio Grande do Sul","FLONA São Francisco de Paula","2016","7","OBS421886482"
"127","Castanozoster thoracicus","-45.969522","-22.878271","São Paulo","São Francisco Xavier--Serra dos Poncianos e trilhas","2016","9","OBS619511941"
"128","Castanozoster thoracicus","-45.260823","-22.57508","Minas Gerais","BR-Minas Gerais-Delfim Moreira-Unnamed Road - -22,575x-45,261","2016","9","OBS430817340"
"129","Castanozoster thoracicus","-48.862172","-27.885445","Santa Catarina","PE da Serra do Tabuleiro--Trilha do Campo da Bracatinga","2016","9","OBS428565786"
"130","Castanozoster thoracicus","-42.567175","-22.3389","Rio de Janeiro","Caledonia","2016","10","OBS588581534"
"131","Castanozoster thoracicus","-45.371801","-22.548325","Minas Gerais","BR-Minas Gerais-Wenceslau Braz-Rodovia Tancredo Neves - -22,548x-45,372","2016","10","OBS437837389"
"132","Castanozoster thoracicus","-44.916656","-22.441146","Minas Gerais","Refúgio Serra Fina, Passa Quatro","2016","10","OBS435339410"
"133","Castanozoster thoracicus","-43.01302","-22.44732","Rio de Janeiro","Pedra do Sino Trail","2016","10","OBS437679896"
"134","Castanozoster thoracicus","-45.263683","-22.577759","Minas Gerais","-22,578x-45,264 - Fazenda Bartira 01/10/2016 18:12","2016","10","OBS433398537"
"135","Castanozoster thoracicus","-51.670697","-26.502723","Paraná","Palmas--Fazenda Cerro Chato","2016","10","OBS618365812"
"136","Castanozoster thoracicus","-44.762931","-22.375678","Minas Gerais","Hotel São Gotardo","2016","11","OBS443719107"
"137","Castanozoster thoracicus","-44.84007","-23.166922","São Paulo","BR-São Paulo-Cunha-1 “Rodovia Vice Prefeito Salvador Pacetti” - -23,167x-44,84","2016","11","OBS443812728"
"138","Castanozoster thoracicus","-43.292575","-22.464748","Rio de Janeiro","BR-Rio de Janeiro-Petrópolis-Unnamed Road - -22,465x-43,293","2016","11","OBS446118177"
"139","Castanozoster thoracicus","-46.027674","-22.878951","Minas Gerais","BR-Minas Gerais-Camanducaia-Monte Verde-R. Lira","2016","11","OBS443412391"
"140","Castanozoster thoracicus","-44.718352","-22.365307","Rio de Janeiro","Alto PN Itatiaia near totem","2016","11","OBS447072043"
"141","Castanozoster thoracicus","-44.696937","-22.229044","Minas Gerais","RPPN François Robert Arthur - Itamonte / MG","2016","12","OBS449410271"
"142","Castanozoster thoracicus","-44.576681","-22.355483","Rio de Janeiro","PE Pedra Selada--Vale do Pavão","2015","2","OBS710953201"
"143","Castanozoster thoracicus","-46.03012","-22.85949","Minas Gerais","Monte Verde - MG, Rua da Baixada","2015","3","OBS307626038"
"144","Castanozoster thoracicus","-44.614956","-22.431925",NA,"Itatiaia Parque Nacional (Agulhas Negras area), Hotel do Ypé und Umgebung","2015","3",NA
"145","Castanozoster thoracicus","-49.611726","-28.072132","Santa Catarina","Santa Barbara","2015","4","OBS321330469"
"146","Castanozoster thoracicus","-49.645556","-28.165556","Santa Catarina","PN São Joaquim--Grade PPBio, S4500","2015","4","OBS322843746"
"147","Castanozoster thoracicus","-45.225358","-22.569262","São Paulo","Piquete--Pico do Ataque","2015","4","OBS311146722"
"148","Castanozoster thoracicus","-44.619593","-22.717306","São Paulo","São José do Barreiro -- Pousada Campos da Bocaina","2015","5","OBS322654520"
"149","Castanozoster thoracicus","-49.74323","-27.73764","Santa Catarina","Urupema - Morro do Combate","2015","5","OBS315351798"
"150","Castanozoster thoracicus","-44.633009","-22.685999","São Paulo","Subida da Serra da Bocaina, kms 08 a 20 da SP 221","2015","5","OBS322831283"
"151","Castanozoster thoracicus","-45.5524","-22.71385","São Paulo","Brejo CJ2","2015","5","OBS326465533"
"152","Castanozoster thoracicus","-49.93416","-27.951466","Santa Catarina","BR-SC-Urupema - -27.9515x-49.9342 - 04/05/2015 11:22","2015","5","OBS316413812"
"153","Castanozoster thoracicus","-49.35246","-27.70787","Santa Catarina","Urupema - Estrada Velha","2015","5","OBS315352738"
"154","Castanozoster thoracicus","-49.2921","-27.475","Santa Catarina","Bom Retiro","2015","5","OBS318178677"
"155","Castanozoster thoracicus","-49.94238","-27.92881","Santa Catarina","Painel - Farofa","2015","5","OBS321060415"
"156","Castanozoster thoracicus","-46.035869","-22.872537","Minas Gerais","Monte Verde - Hotel Cabeça de Boi e arredores","2015","5","OBS322652896"
"157","Castanozoster thoracicus","-45.47234","-22.70245","São Paulo","Estrada PECJ","2015","5","OBS326467900"
"158","Castanozoster thoracicus","-44.743729","-22.369498","Minas Gerais","Agulhas Negras Road (kms 3-5)","2015","6","OBS328351942"
"159","Castanozoster thoracicus","-44.74929","-22.37317","Minas Gerais","Agulhas Negras Road","2015","6","OBS328224460"
"160","Castanozoster thoracicus","-45.477862","-22.703474","São Paulo","Campos do Jordão - Estrada do Horto","2015","6","OBS325121277"
"161","Castanozoster thoracicus","-44.759898","-22.374987","Minas Gerais","Agulhas Negras Road (first km)","2015","6","OBS328347226"
"162","Castanozoster thoracicus","-49.392693","-28.191404","Santa Catarina","PE Serra Furada--sede","2015","6","OBS377436617"
"163","Castanozoster thoracicus","-49.634531","-28.14206","Santa Catarina","PN São Joaquim--Alojamento","2015","6","OBS360308609"
"164","Castanozoster thoracicus","-50.580228","-29.442807","Rio Grande do Sul","São Francisco de Paula--área geral","2015","6","OBS593039570"
"165","Castanozoster thoracicus","-44.615204","-22.432516","Rio de Janeiro","Itatiaia","2015","6","OBS331507836"
"166","Castanozoster thoracicus","-44.60912","-22.43597","Rio de Janeiro","PN de Itatiaia -- Trilha dos TrÃªs Picos","2015","6","OBS328224661"
"167","Castanozoster thoracicus","-44.75152","-22.385555","Rio de Janeiro","BR-RJ-Road354 Highlands","2015","8","OBS339072083"
"168","Castanozoster thoracicus","-44.559584","-22.485532","Rio de Janeiro","Agulhas Negras Riad","2015","9","OBS344111292"
"169","Castanozoster thoracicus","-49.636667","-28.160833","Santa Catarina","PN São Joaquim--Grade PPBio, S3500","2015","11","OBS360385811"
"170","Castanozoster thoracicus","-45.547814","-22.697575","São Paulo","Campos do Jordao","2015","11","OBS356099585"
"171","Castanozoster thoracicus","-44.6149","-22.73612","São Paulo","Parque Nacional Serra da Bocaina, S. J. do Barreiro","2015","12","OBS360719545"
"172","Castanozoster thoracicus","-42.5849","-22.3517","Rio de Janeiro","Caledonia","2014","1","OBS225255616"
"173","Castanozoster thoracicus","-42.5843","-22.3512","Rio de Janeiro","Pico do Caledonia","2014","2","OBS238556416"
"174","Castanozoster thoracicus","-45.503054","-22.69314","São Paulo","Ranco Santo Antonio","2014","3","OBS241015708"
"175","Castanozoster thoracicus","-50.078945","-29.159657","Santa Catarina","PN Aparados da Serra","2014","6","OBS258285058"
"176","Castanozoster thoracicus","-49.871613","-28.515089","Rio Grande do Sul","Sítio dos Irmãos, Faxinal Preto, São José dos Ausentes","2014","7","OBS265844355"
"177","Castanozoster thoracicus","-42.642145","-22.444509","Rio de Janeiro","Serra dos Tucanos Lodge","2014","8","OBS710769381"
"178","Castanozoster thoracicus","-42.533698","-22.319188","Rio de Janeiro","Pico de Caledonia, Brazil","2014","10","OBS276765989"
"179","Castanozoster thoracicus","-42.578924","-22.327222","Rio de Janeiro","Brazil, Nova Friburgo, Pico da Caledonia, Sao Bernardo, 22 November 2013","2013","11","OBS526349142"
"180","Castanozoster thoracicus","-44.740663","-22.368095","Minas Gerais","PN Itatiaia - Trilha alta","2012","1","OBS455970209"
"181","Castanozoster thoracicus","-44.67491","-22.388292","Rio de Janeiro","Itatiaia NP, Rio, BR","2012","8","OBS185270554"
"182","Castanozoster thoracicus","-42.583914","-22.35077","Rio de Janeiro","Brazil-R. de Janeiro Pico Caledonia","2012","11","OBS204576261"
"183","Castanozoster thoracicus","-44.7428","-22.33249","Minas Gerais","Brazil - Agulhos Negros Rd","2012","12","OBS174907303"
"184","Castanozoster thoracicus","-49.997406","-29.077776","Rio Grande do Sul","Serra Geral","2011","4","OBS116612513"
"185","Castanozoster thoracicus","-45.469859","-22.711431","São Paulo","PE Campos do Jordão","2011","8","OBS456173195"
"186","Castanozoster thoracicus","-45.144196","-23.354839","São Paulo","ubatuba","2011","10","OBS207482442"
"187","Castanozoster thoracicus","-45.58279","-22.70482","São Paulo","Campos back road.","2011","12","OBS180826336"
"188","Castanozoster thoracicus","-44.610071","-22.450499","Rio de Janeiro","PN do Itatiaia--Centro de Visitantes","2010","1","OBS567049578"
"189","Castanozoster thoracicus","-42.564468","-22.227455","Rio de Janeiro","Pico de Caledonia trip","2010","3","OBS461484543"
"190","Castanozoster thoracicus","-51.182075","-27.568079","Santa Catarina","Parque Estadual do Rio Canoas","2010","8","OBS473957237"
"191","Castanozoster thoracicus","-45.572169","-22.71826","São Paulo","Behind the Parque Hotel","2010","8","OBS97928340"
"192","Castanozoster thoracicus","-42.550886","-22.38","Rio de Janeiro","Serra dos Tucanos--Trilho Bamboo","2010","8","OBS296351332"
"193","Castanozoster thoracicus","-51.926522","-26.692354","Santa Catarina","PARNA das Araucárias - Santa Fé","2009","5","OBS473897542"
"194","Castanozoster thoracicus","-51.8189","-26.7987","Santa Catarina","PARNA das Araucárias - Vila Adami","2009","5","OBS473897362"
"195","Castanozoster thoracicus","-42.564125","-22.219748","Rio de Janeiro","Pico Caledonia","2009","6","OBS181106484"
"196","Castanozoster thoracicus","-45.589167","-22.704444","São Paulo","Campos do Jordao","2009","10","OBS100659149"
"197","Castanozoster thoracicus","-49.67773","-26.713605","Santa Catarina","REBIO Estadual do Sassafrás","2008","7","OBS473483158"
"198","Castanozoster thoracicus","-42.770932","-22.450948","Rio de Janeiro","Reserva Ecológica de Guapiaçu (REGUA)","2008","7","OBS268058582"
"199","Castanozoster thoracicus","-42.671585","-22.048359","Rio de Janeiro","Sumidouro region","2008","7","OBS268500667"
"200","Castanozoster thoracicus","-44.638266","-22.396588","Rio de Janeiro","Parque Nacional do Itatiaia","2008","8","OBS311132186"
"201","Castanozoster thoracicus","-42.570305","-22.212517","Rio de Janeiro","Pico de Caledonia Mtn./high trail","2008","11","OBS58826025"
"202","Castanozoster thoracicus","-42.557208","-22.375929","Rio de Janeiro","Serra dos Tucanos--Trilho Cedae","2007","9","OBS711008479"
"203","Castanozoster thoracicus","-42.5803","-22.1702","Rio de Janeiro","Pico Caledonia","2006","6","OBS154798380"
"204","Castanozoster thoracicus","-46.634315","-23.551723","São Paulo","Sao Paulo","2006","9","OBS399811542"
"205","Castanozoster thoracicus","-42.562658","-22.222682","Rio de Janeiro","Pico de Caledonia area","2006","11","OBS683178484"
"206","Castanozoster thoracicus","-44.631209","-22.40947","Rio de Janeiro","Itatiaia Brazil","2005","4","OBS174439809"
"207","Castanozoster thoracicus","-42.514883","-22.317018","Rio de Janeiro","Nova Friburgo Brazil","2005","4","OBS174430428"
"208","Castanozoster thoracicus","-44.632692","-22.391694","Rio de Janeiro","Itaitaia NP for list - road up to Pico de Agulhas Negras","2005","7","OBS439374213"
"209","Castanozoster thoracicus","-44.804444","-22.354722","Minas Gerais","Algulhas negras road","2005","7","OBS708750682"
"210","Castanozoster thoracicus","-44.438019","-22.448646","Rio de Janeiro","Agulhas Negras","2005","8","OBS497884178"
"211","Castanozoster thoracicus","-44.73582","-22.366032","Minas Gerais","Agulhas Negras, Itatiaia NP","2005","8","OBS667549335"
"212","Castanozoster thoracicus","-44.683113","-22.376958","Rio de Janeiro","Brazil Itatiaia higher part ; pm west of park less rain","2004","7","OBS574446687"
"213","Castanozoster thoracicus","-44.605039","-22.404493","Rio de Janeiro","Itatiaia NP--Tres Picos","2003","9","OBS164616810"
"214","Castanozoster thoracicus","-44.732439","-22.362587","Minas Gerais","Itatiaia--Agulhas Negras Rd.","2003","9","OBS164626388"
"215","Castanozoster thoracicus","-44.755785","-22.372439","Minas Gerais","Pass Itatiaia - Itamonte","2003","9","OBS164755841"
"216","Castanozoster thoracicus","-44.649475","-22.416804","Rio de Janeiro","Itatiaia NP","2003","10","OBS578264804"
"217","Castanozoster thoracicus","-44.691696","-22.378651","Rio de Janeiro","Itatiaia NP: Agulhas Negras Rd","2003","11","OBS646871769"
"218","Castanozoster thoracicus","-44.619942","-22.435069","Rio de Janeiro","Itatiaia NP: upper Agulhas Negras Rd","2003","11","OBS47706091"
"219","Castanozoster thoracicus","-45.104885","-23.354864","São Paulo","PE Serra do Mar--Núcleo Santa Virgínia","2001","6","OBS629557977"
"220","Castanozoster thoracicus","-44.655132","-22.374206","Rio de Janeiro","Summit Rd (Marsh)","2001","10","OBS277200073"
"221","Castanozoster thoracicus","-50.611284","-29.442862","Rio Grande do Sul","São Francisco de Paula -- Hotel Veraneio Hampel","2000","8","OBS345443443"
"222","Castanozoster thoracicus","-44.579773","-22.451649","Rio de Janeiro","Brazil - Itachiaia NP","1999","7","OBS47960785"
"223","Castanozoster thoracicus","-44.651055","-22.408302","Rio de Janeiro","PN Itatiaia, high country and road near Agulhas Negras","1998","11","OBS97644036"
"224","Castanozoster thoracicus","-44.652557","-22.735657","São Paulo","PN Bocaina","1998","11","OBS97678723"
"225","Castanozoster thoracicus","-45.524297","-22.694318","São Paulo","Horto Florestal, Campos do Jordao","1997","12","OBS184658669"
"226","Castanozoster thoracicus","-50.573072","-29.453537","Rio Grande do Sul","Parque dos Cachoeiras","1997","12","OBS180707746"
"227","Castanozoster thoracicus","-50.562773","-29.444381","Rio Grande do Sul","Brazil---Sao Francisco de Paula vicinity","1996","10","OBS207128228"
"228","Castanozoster thoracicus","-44.58546","-22.466179","Rio de Janeiro","Itatiaia--CRI","1995","3","OBS688679100"
"229","Castanozoster thoracicus","-50.655212","-29.471883","Rio Grande do Sul","Sao Francisco de Paula: highland housing tract","1995","10","OBS276761467"
"230","Castanozoster thoracicus","-48.87579","-25.36344","Paraná","Estrada da Graciosa--Parque Mãe Catira","1991","8","OBS574355901"
"231","Castanozoster thoracicus","-48.982946","-25.496577","Paraná","Mananciais da Serra","1991","8","OBS574370718"
"232","Castanozoster thoracicus","-51.303421","-26.421843","Paraná","General Carneiro","1991","8","OBS574430736"
"233","Castanozoster thoracicus","-44.646592","-22.39492","Rio de Janeiro","Agulhas Negras-Itatiaia,RJ","1990","6","OBS532779307"
"234","Castanozoster thoracicus","-44.609921","-22.444232","Rio de Janeiro","Itatiaia trails","1990","8","OBS572561883"
"235","Castanozoster thoracicus","-44.578357","-22.475914","Rio de Janeiro","Brazil Itatiaia","1988","11","OBS570609496"
